architecture,synthesizer,faithfulness,answer_relevancy,context_precision,context_recall,factual_correctness,context_id_recall,context_id_precision,overall_ragas
graphrag,multi_hop_abstract,0.8378472222222223,0.8047845062683697,0.4311111110879074,0.7945454545454546,0.3056,0.64,0.32,0.6334391686020235
graphrag,multi_hop_specific,0.9208333333333334,0.8217604359687941,0.6455555555229259,0.64,0.43,0.42,0.21,0.691403198298144
graphrag,single_hop_specific,0.9615,0.91486907877675,0.5733333332946666,0.8466666666666667,0.4328,0.62,0.155,0.7458338157476168
lightrag,multi_hop_abstract,0.8421265328874025,0.771298867776722,0.5055555555245925,0.8323976608187135,0.3356,0.68,0.34,0.6563059957271694
lightrag,multi_hop_specific,0.9217264957264958,0.8932981672337571,0.7733333332977778,0.6333333333333333,0.41960000000000003,0.5,0.25,0.7282582659182728
lightrag,single_hop_specific,0.9476967930029155,0.9579641440641553,0.7505555555102871,0.8918589743589743,0.4766,0.74,0.185,0.8039021955075839
rag,multi_hop_abstract,0.8492753623188406,0.8715197826515777,0.5855555555243148,0.7545454545454545,0.2644,0.56,0.28,0.6623849691067519
rag,multi_hop_specific,0.9408068783068783,0.9362297028737839,0.826666666626,0.6766666666666667,0.4388,0.6,0.3,0.7624810837031891
rag,single_hop_specific,0.9254940071266602,0.9212322811217304,0.8505555555012038,0.9151515151515152,0.4454,0.78,0.195,0.8114408464601336
